{"people":["Karim Stani Abotchi","Neha Agarwal","Mike Aittama","Jana Alcover","Kelly Aldapa","Hala Al-Khalil","Juichi Arai","Nef Arteaga","Lamar Ashford","Apoorva Athavale","Jeffry Bai","Dave Baker","Richard Baron","Justin Barozie","Ronald Barrera","Phil Barron","Garry Bartley Jr.","Evan Basirat","Pat Billisitz","David Bogda","Lewis Bohannon","Kaden Bohn","Olivia Boross","Dean Bowker","Nick Bowker","Guy Braden","Jim Brumbaugh","Martin Burke","Marty Burke","Jaime Camhi","Rebecca Campbell","Mike Campeau","Carlos Campos","Jerry Cao","Nathalie Capati","Faith Caspellan","Eric Castleman","Manuel Castro","Chris Chan","Abhra Chatterjee","Jhenghao Chen","Veronica Chen","Kailiang Chen","L. Chen","Shen Chen","Richard Chen","Yuna Chen","Haifei Cheng","Zijun Cheng","Ariel Choi","Panqi Chu","Chi Chuang","Nathan Chung","Michael Churchill","Rod Cochran","Cecilia Coleman","Ashley Colette","John Collier","Daniel Collins","Andy Cook","David Cripps","Kyle Crockett","Chen Cui","Minghao Dai","Hieu Dang","Eric Darby","Steve Davis","Michele De Demo","Stephanie Deming","Lorilyn Dill","Radu Dimian","Felix Ding","Jimmy Do","Bhavik Doshi","Andy Dun","Thanh Duong","Andy Duvall","Zak Edson","Boravy \"Robbie\" Edwards","Rabeel Elahi","Jeremy Elsberry","Vic Espinoza","Rick Evans","Rachel Fan","Vincy Fan","Frank Fanin Jr.","Rafael Favela","Mariano Ferraris","Bryan Fife","James Finn","Marco Flores","Dave Fontana","Mehdi Forouzan","Shahin Forouzan","Thomas Fritz","Tim Fu","Martin Fu","Mike Gale","Bruno Gallardo","Yang Gao","Araceli Garza","YUEYUE Ge","Vittoria Giannetto","Toby Goetz","Amy Gong","Jun Gong","Dan Gordon","Pat Graf","Kyle Greenhaw","Julie Griffin","David Groebl","Erik Grossman","Lei Gu","Vipul Guglani","Rui Guo","Rob Gutierrez","Colin Haag","Rich Hager","Hasan Hakim","Sang-Joon Han","Sean Han","Zhengyu Hao","Matt Harkless","Brian Harrell","Blake Harrington","River He","Mark Herbert","Jacob Heth","Donnie Hill","Josh Hoffman","Mark Holderman","Wayne Holderman","Christel Hoover","Hajime Hoshi","Todd Howdeshell","Jason Hsieh","David Hsieh","Shan Hu","Xindong Hu","Yong (Emma) Hu","Chien-Po Huang","Lindia Huang","Rebecca Huang","Ke Huang","Bryant Huang","Ryan Huang","Hiroshi Imoto","Bea Jarupan","Bingbing Jiang","Shangping Jiang","Shugang Jiang","Xiaodong Jiang","Kate Jones","Jinho Jung","Brendan Jurgenson","Vijay Kalidindi","Heng Kang","Henri Kavaja","Amy Kellerman","Saeed Khaleghi Rahimian","Boon Khor","Henry Kim","Supra Koganti","Scott Konkey","Andrew Ku","Alikhan Kuljanov","Suresh Kumar","Michael Lai","Dien Lam","Elaine Lam","Felicia Lam","Dianna Le","Todd Leahy","Chung-Ling Lee","Mike Letchworth","Jeffrey Leung","Leon Li","Jon Li","Leo Li","Xiaobo Li","Ever Li","Grace Liang","Olivia Liang","Jake Lilly","Brian Lim","Michelle Lin","YaoJia Lin","Cheng Liu","Ying Liu","Michael Lo","Chris Louie","Wes Lucas","Jessie Luo","Mandy Ma","Wendy Ma","James Ma","Vibha Manvi","chengyu Mao","Kangwei Mao","Nikko Mason","Sarah May","Wayne McKenzie","Alan Miller","Gabriel Miranda","Chuck Morris","Troy Murphy","Yasuo Nakahara","Masa Nakano","Anh Nguyen","Calvin Nguyen","Don Nguyen","Henry Nguyen","Larry Nguyen","Le Nguyen","Phu Nguyen","David Nicasio-Solis","Zhong Nie","Anirban Niyogi","Eric Obers","Jose Ochoa","Ken Ogata","Doug Ogden","Neil Orians","Denise Orr","Ou Yang Ou Yang","Vijay Palanikumar","Tae won Park","Kishan Patel","Vishal Patel","Parag Patil","Rian Payne","Anh Phung","Jenna Pollock","Chris Purser","Gana Ramachandran","Raj Rao","Samuel Rayseldi","Patel Reddy","Scott Rivers","Jeff Roberts","Dustin Rose","Emily Roux","Kay Ruan","Sean Russell","Chuck Russo","Tom Ryska","Rocco Sacco","Michael Salamone","Rick Salinas","Sudhir Sawarkar","Dave Saygers","Lenny Schaefer","Surabhi Sharma","Tyler Sheffield","Edmund Shen","Steven Shi","Junzhe Shi","Ché Silkiss-Hero","Saurabh Singh","Jo Ann Sison","Kevin Smith","Aditya Somayaji","Amol Sonaje","Qianyi Song","Don Spicer","Anoop Srivastava","Ray Staples","Eric Stetz","Laura Stone","Courtney Stultz","Susan Sun","Xiaoxi Sun","Yang Sun","Pradeep Sundararaman","Daniel Swanbeck","Mike Swingendorf","Jacob Swiss","Tom Szynalski","William Tadekawa","Bryan Tam","Yalan Tan","Sheri Tang","Yifan Tang","Jim Taylor","Dave Teeters","Min Tian","Evan Tian","Craig Timms","Joseph Tolentino","Federico Torres","Todd Treder","Danny Trinh","Bill Trumbull","TAN Truong","Henry Truong","David Tullis","Rob Turk","Matt Turner","Aditya Velivelli","Shaun Vellucci","Darren Vohs","Greg Voss","Jason Wallace","Stephen Walter","Calvin Wan","Derek Wang","Serene Wang","Duanyang Wang","Fan Wang","Martina Wang","Hanbo Wang","Hongqian Wang","Jesse Wang","Justin Wang","Ying Wang","Vincent Wang","Yueqi Wang","Zebin Wang","Marcus Watson","Tim Watson","Li Wei","Leo Wetli","Jeanie Whitney","Trevor Wilcox","Jessy Wong","Mike Wood","Jonathan Woods","Alex Wu","Teng Wu","Emma Wu","Tong Wu","Tony Wu","Neal Wyman","Mingjun Xia","Lin Xu","Shuren Xu","Cecile Xu","Yinghan Xu","Kai Yang","Yang Yang","Yong Yang","Franklin Yang","Roy Yao","Hua Ye","Michael Yoo","Chen-Yen YU","Rita Yu","Shawn Yuan","Qiang Zhai","Christine Zhang","Tom Zhang","Weimin Zhang","Bill Zhang","Yawei Zhang","John Zhang","Roy Zhang","Jacqueline Zhang","Joanna Zhao","Ruxiu Zhao","Ruonan Zhou","Xingyu Zhou","Yaping Zhu","Ziqi Zhu","Ken Zmudzinski"],"num_by_loc":{"US - Mishawaka":82,"US - Santa Clara":247,"US - Ann Arbor":19,"Japan":9,"China - Chongqing":8},"total_num":365,"date_collected":"2019-07-07T00:03:57.830Z"}